date,price
2006-01-03,61.6
2006-01-04,61.900000000000006
2006-01-05,62.185
2006-01-06,62.480000000000004
2006-01-09,62.08
2006-01-10,62.105000000000004
2006-01-11,62.16
2006-01-12,62.325
2006-01-13,60.525000000000006
2006-01-17,60.489999999999995
2006-01-18,61.17
2006-01-19,60.695
2006-01-20,60.394999999999996
2006-01-23,58.775
2006-01-24,58.375
2006-01-25,58.165000000000006
2006-01-26,57.82
2006-01-27,58.394999999999996
2006-01-30,58.175
2006-01-31,58.980000000000004
2006-02-01,59.4
2006-02-02,59.245000000000005
2006-02-03,59.49
2006-02-06,58.925
2006-02-07,58.39
2006-02-08,56.665
2006-02-09,58.614999999999995
2006-02-10,58.09
2006-02-13,58.475
2006-02-14,58.985
2006-02-15,59.235
2006-02-16,58.695
2006-02-17,58.114999999999995
2006-02-21,58.489999999999995
2006-02-22,59.07
2006-02-23,59.625
2006-02-24,58.985
2006-02-27,58.989999999999995
2006-02-28,58.445
2006-03-01,58.150000000000006
2006-03-02,57.72
2006-03-03,57.08
2006-03-06,56.510000000000005
2006-03-07,56.71
2006-03-08,56.835
2006-03-09,57.07
2006-03-10,56.47
2006-03-13,54.975
2006-03-14,56.195
2006-03-15,57.035
2006-03-16,56.900000000000006
2006-03-17,56.53
2006-03-20,56.53
2006-03-21,56.235
2006-03-22,55.955
2006-03-23,56.2
2006-03-24,56.115
2006-03-27,55.29
2006-03-28,54.02
2006-03-29,55.925
2006-03-30,56.345
2006-03-31,56.075
2006-04-03,55.97
2006-04-04,55.35
2006-04-05,55.39
2006-04-06,54.545
2006-04-07,54.44
2006-04-10,52.53
2006-04-11,51.845
2006-04-12,52.56
2006-04-13,53.43
2006-04-17,52.24
2006-04-18,51.22
2006-04-19,48.72
2006-04-20,49.915
2006-04-21,50.114999999999995
2006-04-24,49.765
2006-04-25,49.87
2006-04-26,49.4
2006-04-27,47.525000000000006
2006-04-28,48.91
2006-05-01,49.76
2006-05-02,49.225
2006-05-03,47.32
2006-05-04,46.614999999999995
2006-05-05,46.400000000000006
2006-05-08,45.765
2006-05-09,44.055
2006-05-10,45.370000000000005
2006-05-11,44.635000000000005
2006-05-12,44.885000000000005
2006-05-15,46.295
2006-05-16,47.394999999999996
2006-05-17,46.94
2006-05-18,45.43
2006-05-19,44.8
2006-05-22,43.975
2006-05-23,43.445
2006-05-24,42.105000000000004
2006-05-25,42.39
2006-05-26,42.93
2006-05-30,43.305
2006-05-31,43.805
2006-06-01,44.989999999999995
2006-06-02,46.825
2006-06-05,46.575
2006-06-06,46.16
2006-06-07,46.535
2006-06-08,46.370000000000005
2006-06-09,45.959999999999994
2006-06-12,45.599999999999994
2006-06-13,45.2
2006-06-14,44.91
2006-06-15,44.675
2006-06-16,44.595
2006-06-19,43.905
2006-06-20,43.835
2006-06-21,44.05
2006-06-22,44.7
2006-06-23,44.89
2006-06-26,45.175
2006-06-27,44.57
2006-06-28,43.75
2006-06-29,45.125
2006-06-30,44.79
2006-07-03,44.735
2006-07-05,44.765
2006-07-06,45.08
2006-07-07,45.3
2006-07-10,46.2
2006-07-11,47.925
2006-07-12,48.36
2006-07-13,48.275000000000006
2006-07-14,47.44
2006-07-17,47.835
2006-07-18,48.095
2006-07-19,50.394999999999996
2006-07-20,50.705
2006-07-21,49.875
2006-07-24,50.405
2006-07-25,51.075
2006-07-26,50.85
2006-07-27,48.474999999999994
2006-07-28,49.004999999999995
2006-07-31,47.96
2006-08-01,47.730000000000004
2006-08-02,49.019999999999996
2006-08-03,48.2
2006-08-04,48.504999999999995
2006-08-07,48.54
2006-08-08,49.245000000000005
2006-08-09,49.435
2006-08-10,47.175
2006-08-11,47.36
2006-08-14,47.825
2006-08-15,48.019999999999996
2006-08-16,48.17
2006-08-17,48.75
2006-08-18,49.03
2006-08-21,49.475
2006-08-22,49.815
2006-08-23,49.7
2006-08-24,50.47
2006-08-25,50.61
2006-08-28,51.11
2006-08-29,51.095
2006-08-30,51.53
2006-08-31,51.64
2006-09-01,51.675
2006-09-05,51.315
2006-09-06,50.405
2006-09-07,50.394999999999996
2006-09-08,50.735
2006-09-11,50.980000000000004
2006-09-12,52.155
2006-09-13,52.355000000000004
2006-09-14,51.85
2006-09-15,52.14
2006-09-18,52.385000000000005
2006-09-19,51.635
2006-09-20,51.725
2006-09-21,50.96
2006-09-22,49.599999999999994
2006-09-25,48.915
2006-09-26,49.004999999999995
2006-09-27,48.614999999999995
2006-09-28,49.254999999999995
2006-09-29,49.33
2006-10-02,49.05
2006-10-03,49.365
2006-10-04,49.36
2006-10-05,49.915
2006-10-06,51.585
2006-10-09,51.06
2006-10-10,50.269999999999996
2006-10-11,49.834999999999994
2006-10-12,49.54
2006-10-13,48.96
2006-10-16,48.754999999999995
2006-10-17,47.135
2006-10-18,47.34
2006-10-19,49.91
2006-10-20,51.015
2006-10-23,50.754999999999995
2006-10-24,50.31
2006-10-25,49.17
2006-10-26,49.275
2006-10-27,49.42
2006-10-30,49.265
2006-10-31,48.92
2006-11-01,48.7
2006-11-02,48.645
2006-11-03,48.11
2006-11-06,48.275
2006-11-07,49.175
2006-11-08,48.025
2006-11-09,46.56
2006-11-10,45.89
2006-11-13,46.33
2006-11-14,47.19
2006-11-15,47.715
2006-11-16,47.894999999999996
2006-11-17,47.28
2006-11-20,47.3
2006-11-21,46.595
2006-11-22,46.45
2006-11-24,46.595
2006-11-27,46.535
2006-11-28,47.125
2006-11-29,47.275
2006-11-30,48.69
2006-12-01,49.16
2006-12-04,49.075
2006-12-05,48.925
2006-12-06,48.93
2006-12-07,49.625
2006-12-08,49.615
2006-12-11,49.83
2006-12-12,50.065
2006-12-13,50.1
2006-12-14,49.900000000000006
2006-12-15,49.644999999999996
2006-12-18,50.254999999999995
2006-12-19,51.510000000000005
2006-12-20,53.02
2006-12-21,54.045
2006-12-22,53.41
2006-12-26,53.41
2006-12-27,52.825
2006-12-28,53.31
2006-12-29,53.72
2007-01-03,53.33
2007-01-04,52.525
2007-01-05,52.489999999999995
2007-01-08,52.855000000000004
2007-01-09,52.89
2007-01-10,52.725
2007-01-11,53.725
2007-01-12,54.795
2007-01-16,55.335
2007-01-17,55.905
2007-01-18,53.980000000000004
2007-01-19,53.44
2007-01-22,52.65
2007-01-23,51.925
2007-01-24,51.535
2007-01-25,52.099999999999994
2007-01-26,51.71
2007-01-29,51.68
2007-01-30,52.17
2007-01-31,51.97
2007-02-01,52.5
2007-02-02,53.1
2007-02-05,52.345
2007-02-06,51.2
2007-02-07,51.19
2007-02-08,51.415
2007-02-09,51.135000000000005
2007-02-12,51.685
2007-02-13,51.83
2007-02-14,51.620000000000005
2007-02-15,53.065
2007-02-16,53.855000000000004
2007-02-20,54.28
2007-02-21,53.67
2007-02-22,53.725
2007-02-23,53.585
2007-02-26,53.010000000000005
2007-02-27,52.31
2007-02-28,52.215
2007-03-01,52.22
2007-03-02,54.04
2007-03-05,53.89
2007-03-06,54.019999999999996
2007-03-07,53.555
2007-03-08,53.68
2007-03-09,53.32
2007-03-12,53.14
2007-03-13,53.495000000000005
2007-03-14,53.34
2007-03-15,53.705
2007-03-16,53.760000000000005
2007-03-19,53.925
2007-03-20,54.394999999999996
2007-03-21,54.22
2007-03-22,55.44
2007-03-23,56.005
2007-03-26,56.650000000000006
2007-03-27,55.754999999999995
2007-03-28,55.665000000000006
2007-03-29,53.045
2007-03-30,52.875
2007-04-02,53.540000000000006
2007-04-03,54.425
2007-04-04,54.9
2007-04-05,55.31
2007-04-09,55.095
2007-04-10,54.5
2007-04-11,53.555
2007-04-12,53.06
2007-04-13,52.775000000000006
2007-04-16,53.3
2007-04-17,54.620000000000005
2007-04-18,54.41
2007-04-19,51.870000000000005
2007-04-20,52.980000000000004
2007-04-23,53.515
2007-04-24,53.86
2007-04-25,53.120000000000005
2007-04-26,52.9
2007-04-27,52.985
2007-04-30,53.150000000000006
2007-05-01,52.72
2007-05-02,53.335
2007-05-03,53.495000000000005
2007-05-04,53.42
2007-05-07,53.54
2007-05-08,53.015
2007-05-09,53.120000000000005
2007-05-10,52.79
2007-05-11,53.33
2007-05-14,53.135000000000005
2007-05-15,52.83
2007-05-16,53.205
2007-05-17,53.620000000000005
2007-05-18,53.47
2007-05-21,53.685
2007-05-22,53.85
2007-05-23,53.93
2007-05-24,54.05
2007-05-25,54.32
2007-05-29,54.595
2007-05-30,54.565
2007-05-31,54.915
2007-06-01,55.144999999999996
2007-06-04,55.175
2007-06-05,54.730000000000004
2007-06-06,54.225
2007-06-07,53.655
2007-06-08,53.425
2007-06-11,53.375
2007-06-12,53.035
2007-06-13,52.805
2007-06-14,53.0
2007-06-15,53.015
2007-06-18,52.925
2007-06-19,52.765
2007-06-20,52.09
2007-06-21,51.455
2007-06-22,51.465
2007-06-25,51.495000000000005
2007-06-26,51.705
2007-06-27,51.405
2007-06-28,51.900000000000006
2007-06-29,51.85
2007-07-02,51.849999999999994
2007-07-03,52.095
2007-07-05,52.125
2007-07-06,52.644999999999996
2007-07-09,52.504999999999995
2007-07-10,51.974999999999994
2007-07-11,51.525
2007-07-12,52.115
2007-07-13,52.724999999999994
2007-07-16,53.385
2007-07-17,53.005
2007-07-18,53.620000000000005
2007-07-19,51.8
2007-07-20,51.34
2007-07-23,51.36
2007-07-24,51.260000000000005
2007-07-25,51.06
2007-07-26,50.459999999999994
2007-07-27,49.745000000000005
2007-07-30,49.5
2007-07-31,48.68
2007-08-01,48.114999999999995
2007-08-02,48.15
2007-08-03,48.325
2007-08-06,48.03
2007-08-07,47.445
2007-08-08,47.625
2007-08-09,46.995000000000005
2007-08-10,47.06
2007-08-13,48.894999999999996
2007-08-14,48.775000000000006
2007-08-15,49.425
2007-08-16,48.55
2007-08-17,49.385
2007-08-20,49.845
2007-08-21,49.595
2007-08-22,48.66
2007-08-23,48.67
2007-08-24,48.980000000000004
2007-08-27,49.565
2007-08-28,49.125
2007-08-29,48.635000000000005
2007-08-30,48.91
2007-08-31,49.655
2007-09-04,50.370000000000005
2007-09-05,49.57
2007-09-06,49.375
2007-09-07,49.239999999999995
2007-09-10,49.224999999999994
2007-09-11,49.254999999999995
2007-09-12,49.545
2007-09-13,49.625
2007-09-14,49.67
2007-09-17,49.84
2007-09-18,50.004999999999995
2007-09-19,50.019999999999996
2007-09-20,49.78
2007-09-21,49.975
2007-09-24,49.765
2007-09-25,49.67
2007-09-26,49.335
2007-09-27,49.36
2007-09-28,48.510000000000005
2007-10-01,48.44499999999999
2007-10-02,47.915
2007-10-03,47.195
2007-10-04,47.394999999999996
2007-10-05,47.7
2007-10-08,47.82
2007-10-09,48.129999999999995
2007-10-10,49.06
2007-10-11,49.400000000000006
2007-10-12,49.565
2007-10-15,49.25
2007-10-16,48.735
2007-10-17,48.83
2007-10-18,48.46
2007-10-19,47.67
2007-10-22,47.635000000000005
2007-10-23,48.644999999999996
2007-10-24,48.66
2007-10-25,48.57
2007-10-26,47.89
2007-10-29,48.144999999999996
2007-10-30,47.8
2007-10-31,49.01
2007-11-01,48.965
2007-11-02,48.58
2007-11-05,48.980000000000004
2007-11-06,49.275
2007-11-07,50.025
2007-11-08,49.945
2007-11-09,51.055
2007-11-12,52.239999999999995
2007-11-13,52.864999999999995
2007-11-14,53.165
2007-11-15,53.26
2007-11-16,53.31
2007-11-19,53.355000000000004
2007-11-20,53.900000000000006
2007-11-21,53.754999999999995
2007-11-23,53.9
2007-11-26,54.07
2007-11-27,53.815
2007-11-28,54.23
2007-11-29,54.775
2007-11-30,54.53
2007-12-03,54.480000000000004
2007-12-04,54.445
2007-12-05,54.584999999999994
2007-12-06,55.075
2007-12-07,56.13
2007-12-10,57.215
2007-12-11,57.54
2007-12-12,57.8
2007-12-13,57.135
2007-12-14,56.275
2007-12-17,56.785
2007-12-18,56.905
2007-12-19,56.955
2007-12-20,57.71
2007-12-21,58.685
2007-12-24,59.11
2007-12-26,58.965
2007-12-27,58.82
2007-12-28,58.54
2007-12-31,58.22
2008-01-02,57.16
2008-01-03,56.905
2008-01-04,56.435
2008-01-07,56.325
2008-01-08,56.73
2008-01-09,56.614999999999995
2008-01-10,55.675
2008-01-11,56.03
2008-01-14,55.79
2008-01-15,54.965
2008-01-16,55.435
2008-01-17,54.665
2008-01-18,53.995000000000005
2008-01-22,51.65
2008-01-23,49.275
2008-01-24,49.905
2008-01-25,49.85
2008-01-28,50.795
2008-01-29,51.17
2008-01-30,50.715
2008-01-31,50.22
2008-02-01,50.34
2008-02-04,49.985
2008-02-05,49.815
2008-02-06,49.545
2008-02-07,49.135
2008-02-08,48.225
2008-02-11,47.879999999999995
2008-02-12,48.269999999999996
2008-02-13,45.825
2008-02-14,46.650000000000006
2008-02-15,47.040000000000006
2008-02-19,48.14
2008-02-20,47.84
2008-02-21,47.935
2008-02-22,47.43
2008-02-25,47.724999999999994
2008-02-26,48.230000000000004
2008-02-27,49.19
2008-02-28,48.52
2008-02-29,47.010000000000005
2008-03-03,46.03
2008-03-04,46.58
2008-03-05,46.945
2008-03-06,46.415
2008-03-07,45.42
2008-03-10,45.349999999999994
2008-03-11,39.295
2008-03-12,36.644999999999996
2008-03-13,38.379999999999995
2008-03-14,38.175
2008-03-17,35.224999999999994
2008-03-18,34.315
2008-03-19,35.545
2008-03-20,35.285
2008-03-24,35.655
2008-03-25,35.144999999999996
2008-03-26,34.595
2008-03-27,34.11
2008-03-28,34.25
2008-03-31,34.34
2008-04-01,35.425
2008-04-02,36.305
2008-04-03,36.135000000000005
2008-04-04,36.35
2008-04-07,36.78
2008-04-08,37.42
2008-04-09,37.715
2008-04-10,37.185
2008-04-11,36.364999999999995
2008-04-14,35.915
2008-04-15,37.09
2008-04-16,36.515
2008-04-17,36.215
2008-04-18,36.745
2008-04-21,37.57
2008-04-22,34.265
2008-04-23,34.47
2008-04-24,34.349999999999994
2008-04-25,33.93
2008-04-28,33.805
2008-04-29,33.209999999999994
2008-04-30,33.05
2008-05-01,32.75
2008-05-02,33.685
2008-05-05,33.545
2008-05-06,32.915000000000006
2008-05-07,32.894999999999996
2008-05-08,33.035
2008-05-09,32.915
2008-05-12,32.870000000000005
2008-05-13,32.795
2008-05-14,32.41
2008-05-15,31.86
2008-05-16,32.225
2008-05-19,33.025000000000006
2008-05-20,33.825
2008-05-21,34.175
2008-05-22,34.885000000000005
2008-05-23,34.93
2008-05-27,34.925
2008-05-28,34.725
2008-05-29,34.39
2008-05-30,34.394999999999996
2008-06-02,34.04
2008-06-03,33.9
2008-06-04,33.89
2008-06-05,33.864999999999995
2008-06-06,33.44
2008-06-09,33.0
2008-06-10,32.745
2008-06-11,32.175000000000004
2008-06-12,31.545
2008-06-13,30.439999999999998
2008-06-16,30.33
2008-06-17,30.235
2008-06-18,30.145
2008-06-19,27.82
2008-06-20,27.475
2008-06-23,26.729999999999997
2008-06-24,26.335
2008-06-25,26.86
2008-06-26,26.595
2008-06-27,26.345
2008-06-30,26.04
2008-07-01,25.744999999999997
2008-07-02,26.17
2008-07-03,23.854999999999997
2008-07-07,23.175
2008-07-08,23.3
2008-07-09,23.155
2008-07-10,22.675
2008-07-11,22.045
2008-07-14,22.265
2008-07-15,21.810000000000002
2008-07-16,22.314999999999998
2008-07-17,23.08
2008-07-18,23.765
2008-07-21,24.05
2008-07-22,25.275
2008-07-23,27.705
2008-07-24,27.375
2008-07-25,27.25
2008-07-28,27.365000000000002
2008-07-29,27.14
2008-07-30,27.310000000000002
2008-07-31,28.045
2008-08-01,27.875
2008-08-04,28.5
2008-08-05,29.72
2008-08-06,29.884999999999998
2008-08-07,29.48
2008-08-08,30.23
2008-08-11,31.055
2008-08-12,31.560000000000002
2008-08-13,31.35
2008-08-14,31.73
2008-08-15,32.115
2008-08-18,32.695
2008-08-19,31.055
2008-08-20,30.425
2008-08-21,30.29
2008-08-22,30.415
2008-08-25,29.905
2008-08-26,29.685000000000002
2008-08-27,29.34
2008-08-28,29.825
2008-08-29,30.305
2008-09-02,30.189999999999998
2008-09-03,29.39
2008-09-04,28.67
2008-09-05,27.62
2008-09-08,28.735
2008-09-09,29.25
2008-09-10,29.0
2008-09-11,29.259999999999998
2008-09-12,29.455
2008-09-15,28.555
2008-09-16,26.82
2008-09-17,26.5
2008-09-18,25.81
2008-09-19,28.17
2008-09-22,26.615000000000002
2008-09-23,26.369999999999997
2008-09-24,25.625
2008-09-25,25.53
2008-09-26,25.6
2008-09-29,23.5
2008-09-30,24.835
2008-10-01,25.365000000000002
2008-10-02,25.08
2008-10-03,24.64
2008-10-06,22.82
2008-10-07,21.634999999999998
2008-10-08,20.11
2008-10-09,18.855
2008-10-10,16.755
2008-10-13,20.674999999999997
2008-10-14,23.955
2008-10-15,22.305
2008-10-16,22.35
2008-10-17,23.64
2008-10-20,24.905
2008-10-21,25.494999999999997
2008-10-22,23.759999999999998
2008-10-23,23.48
2008-10-24,22.355
2008-10-27,21.564999999999998
2008-10-28,21.240000000000002
2008-10-29,21.84
2008-10-30,21.905
2008-10-31,22.745
2008-11-03,23.619999999999997
2008-11-04,23.52
2008-11-05,23.060000000000002
2008-11-06,22.57
2008-11-07,22.375
2008-11-10,21.91
2008-11-11,20.335
2008-11-12,19.415
2008-11-13,19.365000000000002
2008-11-14,20.795
2008-11-17,19.46
2008-11-18,18.83
2008-11-19,18.61
2008-11-20,17.29
2008-11-21,16.195
2008-11-24,18.34
2008-11-25,20.22
2008-11-26,20.439999999999998
2008-11-28,21.064999999999998
2008-12-01,21.240000000000002
2008-12-02,20.235
2008-12-03,19.79
2008-12-04,20.200000000000003
2008-12-05,20.4
2008-12-08,21.485
2008-12-09,21.185000000000002
2008-12-10,21.35
2008-12-11,22.585
2008-12-12,23.195
2008-12-15,23.97
2008-12-16,23.695
2008-12-17,24.255000000000003
2008-12-18,24.384999999999998
2008-12-19,25.92
2008-12-22,25.91
2008-12-23,26.16
2008-12-24,25.98
2008-12-26,26.235
2008-12-29,25.744999999999997
2008-12-30,26.435000000000002
2008-12-31,26.755
2009-01-02,27.13
2009-01-05,27.115000000000002
2009-01-06,26.59
2009-01-07,26.56
2009-01-08,26.33
2009-01-09,26.4
2009-01-12,26.04
2009-01-13,25.57
2009-01-14,24.365000000000002
2009-01-15,24.5
2009-01-16,25.19
2009-01-20,25.020000000000003
2009-01-21,24.490000000000002
2009-01-22,26.345
2009-01-23,27.25
2009-01-26,28.259999999999998
2009-01-27,28.79
2009-01-28,29.75
2009-01-29,29.105
2009-01-30,28.28
2009-02-02,28.65
2009-02-03,29.47
2009-02-04,29.345
2009-02-05,28.799999999999997
2009-02-06,28.965
2009-02-09,29.305
2009-02-10,28.75
2009-02-11,28.17
2009-02-12,28.52
2009-02-13,29.045
2009-02-17,28.034999999999997
2009-02-18,28.12
2009-02-19,28.835
2009-02-20,28.049999999999997
2009-02-23,25.125
2009-02-24,24.145000000000003
2009-02-25,23.33
2009-02-26,21.425
2009-02-27,20.01
2009-03-02,18.125
2009-03-03,17.8
2009-03-04,18.065
2009-03-05,17.009999999999998
2009-03-06,17.195
2009-03-09,17.715
2009-03-10,18.509999999999998
2009-03-11,19.54
2009-03-12,19.73
2009-03-13,21.035
2009-03-16,21.185000000000002
2009-03-17,21.095
2009-03-18,22.085
2009-03-19,21.744999999999997
2009-03-20,21.055
2009-03-23,21.305
2009-03-24,21.555
2009-03-25,21.14
2009-03-26,21.335
2009-03-27,21.225
2009-03-30,20.515
2009-03-31,21.11
2009-04-01,20.475
2009-04-02,21.295
2009-04-03,20.82
2009-04-06,21.15
2009-04-07,22.23
2009-04-08,23.47
2009-04-09,23.455
2009-04-13,24.04
2009-04-14,24.275
2009-04-15,24.965
2009-04-16,24.885
2009-04-17,23.75
2009-04-20,24.195
2009-04-21,24.215
2009-04-22,23.064999999999998
2009-04-23,22.75
2009-04-24,23.085
2009-04-27,23.145
2009-04-28,23.615000000000002
2009-04-29,23.759999999999998
2009-04-30,23.915
2009-05-01,23.159999999999997
2009-05-04,23.28
2009-05-05,24.65
2009-05-06,25.625
2009-05-07,27.16
2009-05-08,29.115000000000002
2009-05-11,27.965
2009-05-12,27.085
2009-05-13,27.4
2009-05-14,27.615000000000002
2009-05-15,27.955
2009-05-18,27.215
2009-05-19,27.725
2009-05-20,27.755
2009-05-21,27.555
2009-05-22,26.735
2009-05-26,26.634999999999998
2009-05-27,27.380000000000003
2009-05-28,27.72
2009-05-29,26.689999999999998
2009-06-01,27.16
2009-06-02,27.775
2009-06-03,27.22
2009-06-04,27.475
2009-06-05,27.03
2009-06-08,26.33
2009-06-09,25.915
2009-06-10,25.85
2009-06-11,23.78
2009-06-12,23.955
2009-06-15,23.795
2009-06-16,24.08
2009-06-17,24.24
2009-06-18,24.825
2009-06-19,25.75
2009-06-22,24.825
2009-06-23,24.78
2009-06-24,24.85
2009-06-25,25.23
2009-06-26,24.895
2009-06-29,24.865
2009-06-30,25.04
2009-07-01,25.064999999999998
2009-07-02,24.5
2009-07-06,23.985
2009-07-07,25.155
2009-07-08,24.634999999999998
2009-07-09,24.91
2009-07-10,24.895
2009-07-13,24.695
2009-07-14,25.17
2009-07-15,24.619999999999997
2009-07-16,24.935000000000002
2009-07-17,25.145
2009-07-20,24.805
2009-07-21,25.41
2009-07-22,25.985
2009-07-23,26.689999999999998
2009-07-24,26.765
2009-07-27,27.63
2009-07-28,28.585
2009-07-29,28.9
2009-07-30,28.380000000000003
2009-07-31,28.049999999999997
2009-08-03,27.735
2009-08-04,26.990000000000002
2009-08-05,26.465
2009-08-06,25.935000000000002
2009-08-07,26.32
2009-08-10,26.66
2009-08-11,27.380000000000003
2009-08-12,27.810000000000002
2009-08-13,27.805
2009-08-14,28.049999999999997
2009-08-17,28.695
2009-08-18,28.14
2009-08-19,27.95
2009-08-20,28.48
2009-08-21,28.66
2009-08-24,29.134999999999998
2009-08-25,29.59
2009-08-26,29.325
2009-08-27,28.865000000000002
2009-08-28,28.555
2009-08-31,28.244999999999997
2009-09-01,27.869999999999997
2009-09-02,28.244999999999997
2009-09-03,28.565
2009-09-04,28.9
2009-09-08,28.295
2009-09-09,28.07
2009-09-10,28.615000000000002
2009-09-11,29.09
2009-09-14,28.8
2009-09-15,28.244999999999997
2009-09-16,28.575
2009-09-17,29.505
2009-09-18,28.835
2009-09-21,28.58
2009-09-22,28.145000000000003
2009-09-23,27.240000000000002
2009-09-24,26.509999999999998
2009-09-25,25.655
2009-09-28,25.725
2009-09-29,25.69
2009-09-30,25.060000000000002
2009-10-01,25.17
2009-10-02,24.43
2009-10-05,24.225
2009-10-06,24.205
2009-10-07,24.869999999999997
2009-10-08,23.965
2009-10-09,24.73
2009-10-12,25.165
2009-10-13,24.565
2009-10-14,24.64
2009-10-15,24.645
2009-10-16,24.645
2009-10-19,24.7
2009-10-20,26.009999999999998
2009-10-21,25.55
2009-10-22,25.509999999999998
2009-10-23,25.91
2009-10-26,25.740000000000002
2009-10-27,25.995
2009-10-28,26.16
2009-10-29,26.295
2009-10-30,26.345
2009-11-02,26.125
2009-11-03,26.630000000000003
2009-11-04,28.29
2009-11-05,28.025
2009-11-06,28.27
2009-11-09,28.72
2009-11-10,28.9
2009-11-11,29.045
2009-11-12,29.060000000000002
2009-11-13,29.1
2009-11-16,29.225
2009-11-17,28.985
2009-11-18,28.88
2009-11-19,28.295
2009-11-20,28.535
2009-11-23,29.255
2009-11-24,29.270000000000003
2009-11-25,29.555
2009-11-27,29.17
2009-11-30,28.994999999999997
2009-12-01,28.91
2009-12-02,28.48
2009-12-03,27.880000000000003
2009-12-04,27.675
2009-12-07,27.994999999999997
2009-12-08,28.495
2009-12-09,28.865000000000002
2009-12-10,29.63
2009-12-11,30.72
2009-12-14,31.0
2009-12-15,31.13
2009-12-16,31.865000000000002
2009-12-17,31.82
2009-12-18,31.54
2009-12-21,32.585
2009-12-22,32.345
2009-12-23,32.085
2009-12-24,31.575
2009-12-28,31.46
2009-12-29,31.09
2009-12-30,30.805
2009-12-31,30.799999999999997
2010-01-04,31.285
2010-01-05,31.625
2010-01-06,31.735
2010-01-07,32.32
2010-01-08,32.63
2010-01-11,32.915000000000006
2010-01-12,32.224999999999994
2010-01-13,32.114999999999995
2010-01-14,32.83
2010-01-15,33.545
2010-01-19,35.2
2010-01-20,35.18
2010-01-21,34.345
2010-01-22,33.605000000000004
2010-01-25,33.34
2010-01-26,32.675
2010-01-27,32.82
2010-01-28,33.565
2010-01-29,33.379999999999995
2010-02-01,32.815
2010-02-02,33.525
2010-02-03,33.435
2010-02-04,32.815
2010-02-05,32.235
2010-02-08,32.59
2010-02-09,32.53
2010-02-10,32.735
2010-02-11,32.82
2010-02-12,32.44
2010-02-16,31.995
2010-02-17,32.445
2010-02-18,32.555
2010-02-19,32.3
2010-02-22,32.5
2010-02-23,32.765
2010-02-24,33.01
2010-02-25,33.41
2010-02-26,33.83
2010-03-01,34.120000000000005
2010-03-02,33.989999999999995
2010-03-03,34.06
2010-03-04,33.260000000000005
2010-03-05,33.375
2010-03-08,33.435
2010-03-09,33.260000000000005
2010-03-10,33.245
2010-03-11,33.25
2010-03-12,33.260000000000005
2010-03-15,32.355000000000004
2010-03-16,32.6
2010-03-17,32.709999999999994
2010-03-18,32.835
2010-03-19,34.21
2010-03-22,34.185
2010-03-23,33.21
2010-03-24,33.03
2010-03-25,32.93
2010-03-26,32.935
2010-03-29,32.77
2010-03-30,32.945
2010-03-31,32.805
2010-04-01,32.755
2010-04-05,32.995000000000005
2010-04-06,33.625
2010-04-07,33.135000000000005
2010-04-08,32.58
2010-04-09,32.16
2010-04-12,32.195
2010-04-13,32.254999999999995
2010-04-14,31.53
2010-04-15,30.689999999999998
2010-04-16,30.725
2010-04-19,31.115000000000002
2010-04-20,31.244999999999997
2010-04-21,30.77
2010-04-22,30.2
2010-04-23,30.625
2010-04-26,30.424999999999997
2010-04-27,29.990000000000002
2010-04-28,30.165
2010-04-29,31.265
2010-04-30,30.78
2010-05-03,30.235
2010-05-04,29.665
2010-05-05,29.62
2010-05-06,29.119999999999997
2010-05-07,28.765
2010-05-10,29.490000000000002
2010-05-11,29.814999999999998
2010-05-12,30.085
2010-05-13,30.18
2010-05-14,30.02
2010-05-17,30.3
2010-05-18,30.409999999999997
2010-05-19,30.0
2010-05-20,29.299999999999997
2010-05-21,28.615000000000002
2010-05-24,28.675
2010-05-25,28.5
2010-05-26,29.155
2010-05-27,29.085
2010-05-28,29.130000000000003
2010-06-01,29.25
2010-06-02,29.405
2010-06-03,30.075
2010-06-04,30.75
2010-06-07,30.195
2010-06-08,30.685000000000002
2010-06-09,30.805
2010-06-10,30.67
2010-06-11,30.479999999999997
2010-06-14,30.745
2010-06-15,30.98
2010-06-16,31.235
2010-06-17,31.355
2010-06-18,31.41
2010-06-21,31.425
2010-06-22,30.96
2010-06-23,30.520000000000003
2010-06-24,29.89
2010-06-25,29.845
2010-06-28,29.725
2010-06-29,28.745
2010-06-30,28.535
2010-07-01,27.72
2010-07-02,28.119999999999997
2010-07-06,28.674999999999997
2010-07-07,29.025
2010-07-08,29.57
2010-07-09,29.825
2010-07-12,29.84
2010-07-13,30.035
2010-07-14,30.085
2010-07-15,30.525
2010-07-16,30.634999999999998
2010-07-19,30.625
2010-07-20,30.865
2010-07-21,30.854999999999997
2010-07-22,30.924999999999997
2010-07-23,30.994999999999997
2010-07-26,31.165
2010-07-27,31.174999999999997
2010-07-28,30.535
2010-07-29,30.46
2010-07-30,30.310000000000002
2010-08-02,31.195
2010-08-03,31.924999999999997
2010-08-04,32.82
2010-08-05,33.085
2010-08-06,33.254999999999995
2010-08-09,33.575
2010-08-10,33.29
2010-08-11,32.445
2010-08-12,31.905
2010-08-13,31.919999999999998
2010-08-16,31.68
2010-08-17,32.28
2010-08-18,32.54
2010-08-19,32.11
2010-08-20,31.61
2010-08-23,31.82
2010-08-24,31.14
2010-08-25,31.535
2010-08-26,32.120000000000005
2010-08-27,31.950000000000003
2010-08-30,32.18
2010-08-31,31.815
2010-09-01,32.235
2010-09-02,32.61
2010-09-03,33.41
2010-09-07,33.855000000000004
2010-09-08,33.644999999999996
2010-09-09,34.085
2010-09-10,34.22
2010-09-13,34.975
2010-09-14,34.489999999999995
2010-09-15,34.28
2010-09-16,34.155
2010-09-17,34.370000000000005
2010-09-20,34.69
2010-09-21,35.165
2010-09-22,35.305
2010-09-23,35.495
2010-09-24,35.769999999999996
2010-09-27,35.54
2010-09-28,35.26
2010-09-29,34.955
2010-09-30,35.32
2010-10-01,35.114999999999995
2010-10-04,34.825
2010-10-05,34.84
2010-10-06,34.58
2010-10-07,34.35
2010-10-08,34.37
2010-10-11,34.485
2010-10-12,34.75
2010-10-13,35.32
2010-10-14,35.745
2010-10-15,36.0
2010-10-18,36.105000000000004
2010-10-19,35.42
2010-10-20,36.1
2010-10-21,36.485
2010-10-22,36.84
2010-10-25,37.705
2010-10-26,37.42
2010-10-27,36.53
2010-10-28,36.175
2010-10-29,36.370000000000005
2010-11-01,36.17
2010-11-02,36.725
2010-11-03,36.760000000000005
2010-11-04,36.715
2010-11-05,36.834999999999994
2010-11-08,36.894999999999996
2010-11-09,37.045
2010-11-10,36.57
2010-11-11,37.120000000000005
2010-11-12,36.78
2010-11-15,35.91
2010-11-16,35.095
2010-11-17,34.96
2010-11-18,35.225
2010-11-19,35.915000000000006
2010-11-22,36.495000000000005
2010-11-23,36.06
2010-11-24,36.385000000000005
2010-11-26,36.005
2010-11-29,35.86
2010-11-30,36.51
2010-12-01,37.519999999999996
2010-12-02,37.85
2010-12-03,37.68
2010-12-06,37.56
2010-12-07,37.175
2010-12-08,36.845
2010-12-09,36.82
2010-12-10,36.64
2010-12-13,37.239999999999995
2010-12-14,36.71
2010-12-15,35.725
2010-12-16,35.349999999999994
2010-12-17,35.29
2010-12-20,35.155
2010-12-21,35.43
2010-12-22,35.575
2010-12-23,35.865
2010-12-27,35.58
2010-12-28,35.57
2010-12-29,35.85
2010-12-30,35.875
2010-12-31,36.0
2011-01-03,36.775
2011-01-04,37.165
2011-01-05,37.55
2011-01-06,38.07
2011-01-07,38.295
2011-01-10,38.33
2011-01-11,38.72
2011-01-12,39.07
2011-01-13,39.265
2011-01-14,40.155
2011-01-18,40.730000000000004
2011-01-19,40.565
2011-01-20,39.935
2011-01-21,40.36
2011-01-24,40.1
2011-01-25,40.325
2011-01-26,40.620000000000005
2011-01-27,41.43
2011-01-28,41.65
2011-01-31,41.015
2011-02-01,41.735
2011-02-02,41.965
2011-02-03,42.495000000000005
2011-02-04,42.97
2011-02-07,41.915
2011-02-08,41.97
2011-02-09,42.144999999999996
2011-02-10,42.3
2011-02-11,42.44
2011-02-14,42.065
2011-02-15,42.175
2011-02-16,42.275000000000006
2011-02-17,42.45
2011-02-18,42.93
2011-02-22,43.53
2011-02-23,43.125
2011-02-24,42.865
2011-02-25,42.715
2011-02-28,42.644999999999996
2011-03-01,42.67
2011-03-02,43.120000000000005
2011-03-03,44.315
2011-03-04,44.364999999999995
2011-03-07,44.040000000000006
2011-03-08,43.61
2011-03-09,44.019999999999996
2011-03-10,43.945
2011-03-11,43.66
2011-03-14,43.14
2011-03-15,42.62
2011-03-16,42.075
2011-03-17,42.31999999999999
2011-03-18,42.575
2011-03-21,43.045
2011-03-22,43.185
2011-03-23,42.629999999999995
2011-03-24,43.474999999999994
2011-03-25,43.81
2011-03-28,43.78
2011-03-29,44.114999999999995
2011-03-30,45.08
2011-03-31,45.43
2011-04-01,45.519999999999996
2011-04-04,45.80500000000001
2011-04-05,45.025000000000006
2011-04-06,45.045
2011-04-07,46.5
2011-04-08,44.69
2011-04-11,44.165000000000006
2011-04-12,44.465
2011-04-13,44.625
2011-04-14,44.425
2011-04-15,44.825
2011-04-18,43.980000000000004
2011-04-19,43.635
2011-04-20,44.480000000000004
2011-04-21,48.230000000000004
2011-04-25,47.61
2011-04-26,47.84
2011-04-27,47.59
2011-04-28,48.58
2011-04-29,49.035
2011-05-02,49.715
2011-05-03,49.709999999999994
2011-05-04,49.36
2011-05-05,49.585
2011-05-06,49.95
2011-05-09,50.33
2011-05-10,50.584999999999994
2011-05-11,50.06
2011-05-12,49.715
2011-05-13,50.61
2011-05-16,50.055
2011-05-17,50.2
2011-05-18,50.22
2011-05-19,50.480000000000004
2011-05-20,50.239999999999995
2011-05-23,49.06
2011-05-24,48.489999999999995
2011-05-25,47.95
2011-05-26,47.43
2011-05-27,47.95
2011-05-31,48.650000000000006
2011-06-01,48.620000000000005
2011-06-02,48.885000000000005
2011-06-03,48.89
2011-06-06,48.41
2011-06-07,48.405
2011-06-08,48.035
2011-06-09,49.485
2011-06-10,49.76
2011-06-13,49.515
2011-06-14,49.614999999999995
2011-06-15,49.44
2011-06-16,49.275000000000006
2011-06-17,50.055
2011-06-20,50.65
2011-06-21,51.760000000000005
2011-06-22,52.18
2011-06-23,50.67
2011-06-24,50.805
2011-06-27,50.685
2011-06-28,51.5
2011-06-29,51.47
2011-06-30,51.730000000000004
2011-07-01,52.415000000000006
2011-07-05,52.69
2011-07-06,52.885
2011-07-07,52.735
2011-07-08,51.93
2011-07-11,51.14
2011-07-12,51.379999999999995
2011-07-13,52.09
2011-07-14,52.175
2011-07-15,52.135000000000005
2011-07-18,51.625
2011-07-19,50.855000000000004
2011-07-20,51.425
2011-07-21,52.295
2011-07-22,52.5
2011-07-25,52.165
2011-07-26,51.67
2011-07-27,50.325
2011-07-28,50.34
2011-07-29,49.1
2011-08-01,48.025
2011-08-02,47.599999999999994
2011-08-03,46.629999999999995
2011-08-04,45.865
2011-08-05,45.235
2011-08-08,43.08
2011-08-09,43.305
2011-08-10,42.97
2011-08-11,42.845
2011-08-12,44.565
2011-08-15,45.5
2011-08-16,45.269999999999996
2011-08-17,45.67
2011-08-18,44.025
2011-08-19,43.61
2011-08-22,43.795
2011-08-23,44.05
2011-08-24,45.195
2011-08-25,45.614999999999995
2011-08-26,44.795
2011-08-29,46.4
2011-08-30,46.905
2011-08-31,47.75
2011-09-01,47.75
2011-09-02,46.224999999999994
2011-09-06,44.95
2011-09-07,46.82
2011-09-08,47.325
2011-09-09,46.11
2011-09-12,45.385
2011-09-13,47.269999999999996
2011-09-14,48.21
2011-09-15,49.67
2011-09-16,50.260000000000005
2011-09-19,49.785
2011-09-20,50.290000000000006
2011-09-21,49.19499999999999
2011-09-22,47.0
2011-09-23,47.18
2011-09-26,48.21
2011-09-27,49.625
2011-09-28,48.540000000000006
2011-09-29,47.265
2011-09-30,46.42
2011-10-03,44.545
2011-10-04,42.08
2011-10-05,43.760000000000005
2011-10-06,44.565
2011-10-07,44.95
2011-10-10,46.015
2011-10-11,46.355000000000004
2011-10-12,47.015
2011-10-13,46.144999999999996
2011-10-14,46.94
2011-10-17,47.035
2011-10-18,44.379999999999995
2011-10-19,46.315
2011-10-20,46.465
2011-10-21,47.905
2011-10-24,48.620000000000005
2011-10-25,48.485
2011-10-26,48.805
2011-10-27,49.405
2011-10-28,48.769999999999996
2011-10-31,48.455
2011-11-01,46.525000000000006
2011-11-02,46.535
2011-11-03,46.34
2011-11-04,45.59
2011-11-07,45.269999999999996
2011-11-08,45.675
2011-11-09,45.615
2011-11-10,45.87
2011-11-11,47.0
2011-11-14,46.985
2011-11-15,46.56
2011-11-16,45.565
2011-11-17,44.66
2011-11-18,44.44
2011-11-21,44.245000000000005
2011-11-22,44.485
2011-11-23,43.760000000000005
2011-11-25,43.849999999999994
2011-11-28,44.94
2011-11-29,45.64
2011-11-30,47.935
2011-12-01,48.730000000000004
2011-12-02,48.515
2011-12-05,48.705
2011-12-06,48.379999999999995
2011-12-07,48.760000000000005
2011-12-08,48.765
2011-12-09,48.599999999999994
2011-12-12,48.47
2011-12-13,48.5
2011-12-14,47.965
2011-12-15,48.34
2011-12-16,49.105000000000004
2011-12-19,49.2
2011-12-20,49.65
2011-12-21,49.775
2011-12-22,50.39
2011-12-23,51.095
2011-12-27,51.400000000000006
2011-12-28,51.08
2011-12-29,51.230000000000004
2011-12-30,50.93
2012-01-03,51.405
2012-01-04,51.75
2012-01-05,52.265
2012-01-06,52.95
2012-01-09,52.715
2012-01-10,52.705
2012-01-11,52.59
2012-01-12,52.885000000000005
2012-01-13,52.36
2012-01-17,53.254999999999995
2012-01-18,53.555
2012-01-19,52.22
2012-01-20,52.06
2012-01-23,52.504999999999995
2012-01-24,51.875
2012-01-25,50.735
2012-01-26,50.81
2012-01-27,50.78
2012-01-30,50.620000000000005
2012-01-31,52.13
2012-02-01,52.864999999999995
2012-02-02,52.629999999999995
2012-02-03,51.760000000000005
2012-02-06,51.04
2012-02-07,51.519999999999996
2012-02-08,52.01
2012-02-09,52.865
2012-02-10,52.905
2012-02-13,53.81
2012-02-14,54.03
2012-02-15,54.53
2012-02-16,54.575
2012-02-17,54.695
2012-02-21,55.2
2012-02-22,55.16
2012-02-23,55.01
2012-02-24,55.370000000000005
2012-02-27,55.715
2012-02-28,55.6
2012-02-29,55.83
2012-03-01,55.845
2012-03-02,55.709999999999994
2012-03-05,55.56
2012-03-06,54.765
2012-03-07,54.485
2012-03-08,55.42
2012-03-09,55.805
2012-03-12,55.415000000000006
2012-03-13,55.040000000000006
2012-03-14,55.455
2012-03-15,55.894999999999996
2012-03-16,55.61
2012-03-19,56.07
2012-03-20,55.379999999999995
2012-03-21,54.475
2012-03-22,53.805
2012-03-23,53.755
2012-03-26,54.480000000000004
2012-03-27,54.875
2012-03-28,55.42
2012-03-29,56.65
2012-03-30,58.585
2012-04-02,58.69
2012-04-03,59.16
2012-04-04,58.975
2012-04-05,58.894999999999996
2012-04-09,58.44
2012-04-10,57.775
2012-04-11,58.195
2012-04-12,58.17
2012-04-13,58.144999999999996
2012-04-16,57.855000000000004
2012-04-17,57.849999999999994
2012-04-18,57.405
2012-04-19,58.17
2012-04-20,59.32
2012-04-23,59.114999999999995
2012-04-24,58.835
2012-04-25,59.085
2012-04-26,57.57
2012-04-27,58.165000000000006
2012-04-30,56.739999999999995
2012-05-01,56.769999999999996
2012-05-02,56.995000000000005
2012-05-03,55.955
2012-05-04,55.19499999999999
2012-05-07,54.845
2012-05-08,55.44499999999999
2012-05-09,55.405
2012-05-10,55.445
2012-05-11,55.33
2012-05-14,55.07
2012-05-15,55.230000000000004
2012-05-16,55.065
2012-05-17,55.095
2012-05-18,54.56
2012-05-21,54.84
2012-05-22,56.065
2012-05-23,55.290000000000006
2012-05-24,55.875
2012-05-25,56.215
2012-05-29,55.875
2012-05-30,56.125
2012-05-31,55.894999999999996
2012-06-01,55.42
2012-06-04,55.019999999999996
2012-06-05,55.46
2012-06-06,57.1
2012-06-07,57.894999999999996
2012-06-08,57.615
2012-06-11,57.89
2012-06-12,57.56
2012-06-13,58.05
2012-06-14,58.635000000000005
2012-06-15,59.18
2012-06-18,58.825
2012-06-19,60.06
2012-06-20,59.765
2012-06-21,59.155
2012-06-22,58.97
2012-06-25,58.375
2012-06-26,58.19499999999999
2012-06-27,59.71
2012-06-28,57.92
2012-06-29,59.235
2012-07-02,57.635000000000005
2012-07-03,55.735
2012-07-05,55.51
2012-07-06,55.545
2012-07-09,56.095
2012-07-10,55.84
2012-07-11,55.995000000000005
2012-07-12,55.17
2012-07-13,55.06
2012-07-16,55.0
2012-07-17,55.545
2012-07-18,55.675
2012-07-19,55.615
2012-07-20,55.345
2012-07-23,54.515
2012-07-24,54.705
2012-07-25,51.985
2012-07-26,52.120000000000005
2012-07-27,52.599999999999994
2012-07-30,53.3
2012-07-31,52.135
2012-08-01,51.335
2012-08-02,51.04
2012-08-03,51.435
2012-08-06,51.525
2012-08-07,51.995000000000005
2012-08-08,52.405
2012-08-09,52.239999999999995
2012-08-10,51.905
2012-08-13,51.705
2012-08-14,52.040000000000006
2012-08-15,52.36
2012-08-16,53.155
2012-08-17,53.260000000000005
2012-08-20,53.185
2012-08-21,53.575
2012-08-22,53.725
2012-08-23,54.055
2012-08-24,54.07
2012-08-27,54.44
2012-08-28,54.504999999999995
2012-08-29,54.665
2012-08-30,54.595
2012-08-31,54.620000000000005
2012-09-04,54.34
2012-09-05,54.555
2012-09-06,54.745000000000005
2012-09-07,54.980000000000004
2012-09-10,54.275
2012-09-11,53.31
2012-09-12,53.0
2012-09-13,53.275
2012-09-14,54.52
2012-09-17,54.325
2012-09-18,54.864999999999995
2012-09-19,55.025
2012-09-20,54.69
2012-09-21,55.565
2012-09-24,56.245000000000005
2012-09-25,56.17
2012-09-26,56.25
2012-09-27,56.07
2012-09-28,55.58
2012-10-01,56.040000000000006
2012-10-02,56.6
2012-10-03,56.89
2012-10-04,57.58
2012-10-05,57.495000000000005
2012-10-08,57.805
2012-10-09,57.47
2012-10-10,57.345
2012-10-11,57.754999999999995
2012-10-12,57.335
2012-10-15,57.355000000000004
2012-10-16,57.055
2012-10-17,56.675
2012-10-18,56.095
2012-10-19,55.730000000000004
2012-10-22,56.040000000000006
2012-10-23,55.835
2012-10-24,56.22
2012-10-25,56.26
2012-10-26,55.8
2012-10-31,55.834999999999994
2012-11-01,56.475
2012-11-02,56.615
2012-11-05,55.614999999999995
2012-11-06,55.57
2012-11-07,54.394999999999996
2012-11-08,54.2
2012-11-09,53.32
2012-11-12,52.78
2012-11-13,52.489999999999995
2012-11-14,51.765
2012-11-15,51.405
2012-11-16,51.665
2012-11-19,52.379999999999995
2012-11-20,52.92
2012-11-21,53.260000000000005
2012-11-23,53.715
2012-11-26,53.185
2012-11-27,53.19
2012-11-28,52.74
2012-11-29,53.795
2012-11-30,54.475
2012-12-03,54.385000000000005
2012-12-04,53.88
2012-12-05,53.92
2012-12-06,53.59
2012-12-07,53.644999999999996
2012-12-10,54.035
2012-12-11,54.53
2012-12-12,55.36
2012-12-13,54.85
2012-12-14,54.225
2012-12-17,54.265
2012-12-18,54.905
2012-12-19,54.775
2012-12-20,54.980000000000004
2012-12-21,54.975
2012-12-24,54.79
2012-12-26,54.485
2012-12-27,54.27
2012-12-28,54.22
2012-12-31,53.875
2013-01-02,54.504999999999995
2013-01-03,52.685
2013-01-04,52.394999999999996
2013-01-07,51.94
2013-01-08,51.8
2013-01-09,52.0
2013-01-10,52.76
2013-01-11,52.864999999999995
2013-01-14,53.510000000000005
2013-01-15,53.53
2013-01-16,53.57
2013-01-17,53.85
2013-01-18,54.425
2013-01-22,55.325
2013-01-23,55.85
2013-01-24,56.17
2013-01-25,56.05
2013-01-28,56.165
2013-01-29,56.185
2013-01-30,56.18
2013-01-31,55.625
2013-02-01,55.605000000000004
2013-02-04,55.845
2013-02-05,57.33
2013-02-06,57.32
2013-02-07,57.075
2013-02-08,57.69
2013-02-11,57.379999999999995
2013-02-12,57.155
2013-02-13,57.06
2013-02-14,56.985
2013-02-15,57.269999999999996
2013-02-19,55.46
2013-02-20,55.885
2013-02-21,55.41
2013-02-22,54.83
2013-02-25,54.019999999999996
2013-02-26,53.055
2013-02-27,53.47
2013-02-28,53.675
2013-03-01,53.34
2013-03-04,53.315
2013-03-05,53.510000000000005
2013-03-06,53.644999999999996
2013-03-07,53.93
2013-03-08,53.885000000000005
2013-03-11,54.195
2013-03-12,54.54
2013-03-13,54.615
2013-03-14,54.435
2013-03-15,54.66
2013-03-18,54.875
2013-03-19,55.16
2013-03-20,55.17
2013-03-21,54.99
2013-03-22,54.765
2013-03-25,54.78
2013-03-26,55.435
2013-03-27,56.235
2013-03-28,56.900000000000006
2013-04-01,58.185
2013-04-02,62.725
2013-04-03,62.185
2013-04-04,61.995000000000005
2013-04-05,62.105000000000004
2013-04-08,61.834999999999994
2013-04-09,62.260000000000005
2013-04-10,62.345
2013-04-11,62.665
2013-04-12,62.95
2013-04-15,62.29
2013-04-16,62.385000000000005
2013-04-17,62.555
2013-04-18,59.39
2013-04-19,60.11
2013-04-22,59.370000000000005
2013-04-23,58.89
2013-04-24,58.985
2013-04-25,59.01
2013-04-26,59.64
2013-04-29,60.150000000000006
2013-04-30,59.795
2013-05-01,59.87
2013-05-02,59.885000000000005
2013-05-03,59.45
2013-05-06,60.025
2013-05-07,60.53
2013-05-08,61.540000000000006
2013-05-09,62.010000000000005
2013-05-10,62.400000000000006
2013-05-13,62.53
2013-05-14,62.015
2013-05-15,61.72
2013-05-16,61.775000000000006
2013-05-17,62.765
2013-05-20,62.67
2013-05-21,62.74
2013-05-22,62.400000000000006
2013-05-23,62.32
2013-05-24,62.005
2013-05-28,62.989999999999995
2013-05-29,63.18
2013-05-30,63.96000000000001
2013-05-31,63.72
2013-06-03,62.545
2013-06-04,62.455
2013-06-05,62.379999999999995
2013-06-06,61.435
2013-06-07,62.315
2013-06-10,63.235
2013-06-11,63.63
2013-06-12,64.065
2013-06-13,63.67999999999999
2013-06-14,64.02000000000001
2013-06-17,64.66999999999999
2013-06-18,65.085
2013-06-19,65.695
2013-06-20,64.235
2013-06-21,64.13
2013-06-24,64.25
2013-06-25,64.6
2013-06-26,64.53999999999999
2013-06-27,65.57499999999999
2013-06-28,65.58500000000001
2013-07-01,65.94
2013-07-02,65.35499999999999
2013-07-03,65.245
2013-07-05,65.72999999999999
2013-07-08,66.97
2013-07-09,67.87
2013-07-10,68.18
2013-07-11,68.1
2013-07-12,68.215
2013-07-15,67.82499999999999
2013-07-16,66.955
2013-07-17,66.68
2013-07-18,69.88
2013-07-19,71.125
2013-07-22,71.97
2013-07-23,72.28
2013-07-24,72.665
2013-07-25,72.16
2013-07-26,72.075
2013-07-29,72.41
2013-07-30,72.6
2013-07-31,73.065
2013-08-01,73.21000000000001
2013-08-02,72.48
2013-08-05,72.94
2013-08-06,72.95
2013-08-07,73.01
2013-08-08,73.265
2013-08-09,72.93
2013-08-12,72.30000000000001
2013-08-13,72.85
2013-08-14,72.805
2013-08-15,71.995
2013-08-16,71.49000000000001
2013-08-19,71.83
2013-08-20,72.225
2013-08-21,71.905
2013-08-22,72.285
2013-08-23,72.315
2013-08-26,72.6
2013-08-27,71.72999999999999
2013-08-28,71.755
2013-08-29,71.99000000000001
2013-08-30,72.15
2013-09-03,72.28
2013-09-04,72.775
2013-09-05,73.685
2013-09-06,73.67
2013-09-09,74.16499999999999
2013-09-10,74.24000000000001
2013-09-11,74.75999999999999
2013-09-12,75.1
2013-09-13,74.685
2013-09-16,75.425
2013-09-17,74.64
2013-09-18,73.315
2013-09-19,71.87
2013-09-20,71.075
2013-09-23,71.28
2013-09-24,72.285
2013-09-25,72.25999999999999
2013-09-26,72.36500000000001
2013-09-27,71.805
2013-09-30,71.34
2013-10-01,72.295
2013-10-02,72.35
2013-10-03,72.62
2013-10-04,72.685
2013-10-07,72.43
2013-10-08,71.92500000000001
2013-10-09,71.53
2013-10-10,72.91
2013-10-11,73.88499999999999
2013-10-14,74.16499999999999
2013-10-15,74.34
2013-10-16,74.935
2013-10-17,71.965
2013-10-18,69.445
2013-10-21,67.93
2013-10-22,68.925
2013-10-23,68.125
2013-10-24,67.785
2013-10-25,67.73
2013-10-28,67.25999999999999
2013-10-29,67.495
2013-10-30,68.22
2013-10-31,68.285
2013-11-01,68.325
2013-11-04,68.81
2013-11-05,68.60499999999999
2013-11-06,69.91
2013-11-07,70.32
2013-11-08,70.08500000000001
2013-11-11,70.62
2013-11-12,70.385
2013-11-13,70.47
2013-11-14,71.27
2013-11-15,71.525
2013-11-18,71.8
2013-11-19,71.58500000000001
2013-11-20,72.25999999999999
2013-11-21,73.025
2013-11-22,73.275
2013-11-25,74.225
2013-11-26,74.52
2013-11-27,74.505
2013-11-29,74.58000000000001
2013-12-02,74.045
2013-12-03,73.53
2013-12-04,73.475
2013-12-05,73.11000000000001
2013-12-06,73.28
2013-12-09,73.87
2013-12-10,74.045
2013-12-11,73.0
2013-12-12,71.74
2013-12-13,71.16
2013-12-16,70.955
2013-12-17,70.71000000000001
2013-12-18,71.58
2013-12-19,72.095
2013-12-20,73.17500000000001
2013-12-23,74.15
2013-12-24,74.17
2013-12-26,74.625
2013-12-27,74.94999999999999
2013-12-30,74.67500000000001
2013-12-31,75.08500000000001
2014-01-02,74.9
2014-01-03,75.18
2014-01-06,74.77000000000001
2014-01-07,76.13499999999999
2014-01-08,75.97
2014-01-09,75.945
2014-01-10,75.425
2014-01-13,74.34
2014-01-14,74.015
2014-01-15,74.425
2014-01-16,73.495
2014-01-17,72.71000000000001
2014-01-21,73.015
2014-01-22,73.58500000000001
2014-01-23,73.09
2014-01-24,72.15
2014-01-27,71.67
2014-01-28,71.91499999999999
2014-01-29,71.9
2014-01-30,72.285
2014-01-31,71.9
2014-02-03,71.425
2014-02-04,70.4
2014-02-05,70.52000000000001
2014-02-06,70.575
2014-02-07,70.88
2014-02-10,70.32
2014-02-11,70.225
2014-02-12,70.64
2014-02-13,70.70500000000001
2014-02-14,72.42
2014-02-18,74.035
2014-02-19,73.86500000000001
2014-02-20,73.67
2014-02-21,73.72
2014-02-24,75.38499999999999
2014-02-25,75.63499999999999
2014-02-26,75.45
2014-02-27,76.005
2014-02-28,76.755
2014-03-03,76.995
2014-03-04,78.055
2014-03-05,78.03999999999999
2014-03-06,77.945
2014-03-07,77.555
2014-03-10,77.505
2014-03-11,77.985
2014-03-12,77.465
2014-03-13,77.53
2014-03-14,76.33500000000001
2014-03-17,76.555
2014-03-18,77.41
2014-03-19,79.12
2014-03-20,80.51
2014-03-21,82.31
2014-03-24,81.28999999999999
2014-03-25,81.565
2014-03-26,81.685
2014-03-27,81.34
2014-03-28,81.805
2014-03-31,81.84
2014-04-01,82.315
2014-04-02,81.505
2014-04-03,81.975
2014-04-04,82.15
2014-04-07,81.36500000000001
2014-04-08,80.83
2014-04-09,81.03
2014-04-10,80.88499999999999
2014-04-11,79.395
2014-04-14,79.03
2014-04-15,78.89
2014-04-16,78.505
2014-04-17,75.13
2014-04-21,75.635
2014-04-22,75.57
2014-04-23,75.59
2014-04-24,76.495
2014-04-25,76.26
2014-04-28,76.0
2014-04-29,75.54499999999999
2014-04-30,75.555
2014-05-01,74.83000000000001
2014-05-02,74.92
2014-05-05,74.805
2014-05-06,75.245
2014-05-07,76.515
2014-05-08,77.4
2014-05-09,76.96000000000001
2014-05-12,77.56
2014-05-13,77.875
2014-05-14,77.495
2014-05-15,76.775
2014-05-16,76.34
2014-05-19,76.795
2014-05-20,76.88
2014-05-21,77.255
2014-05-22,78.13
2014-05-23,78.68
2014-05-27,78.995
2014-05-28,78.755
2014-05-29,78.75
2014-05-30,79.31
2014-06-02,79.625
2014-06-03,79.73
2014-06-04,80.025
2014-06-05,80.215
2014-06-06,79.945
2014-06-09,79.755
2014-06-10,79.735
2014-06-11,79.88
2014-06-12,79.55
2014-06-13,78.985
2014-06-16,78.50999999999999
2014-06-17,77.89
2014-06-18,78.575
2014-06-19,80.025
2014-06-20,80.97
2014-06-23,81.315
2014-06-24,81.9
2014-06-25,81.595
2014-06-26,82.07
2014-06-27,81.71000000000001
2014-06-30,82.07
2014-07-01,82.0
2014-07-02,81.79499999999999
2014-07-03,82.88
2014-07-07,82.445
2014-07-08,81.725
2014-07-09,82.32
2014-07-10,81.78
2014-07-11,82.43
2014-07-14,83.94999999999999
2014-07-15,84.235
2014-07-16,83.675
2014-07-17,85.33500000000001
2014-07-18,85.105
2014-07-21,84.66
2014-07-22,86.11500000000001
2014-07-23,86.155
2014-07-24,85.81
2014-07-25,84.505
2014-07-28,85.25
2014-07-29,84.775
2014-07-30,83.295
2014-07-31,81.36000000000001
2014-08-01,81.315
2014-08-04,81.845
2014-08-05,81.55
2014-08-06,81.43
2014-08-07,80.125
2014-08-08,79.465
2014-08-11,80.20500000000001
2014-08-12,79.96000000000001
2014-08-13,81.025
2014-08-14,81.115
2014-08-15,81.545
2014-08-18,81.91499999999999
2014-08-19,82.905
2014-08-20,83.055
2014-08-21,83.845
2014-08-22,83.72999999999999
2014-08-25,84.35
2014-08-26,84.745
2014-08-27,85.965
2014-08-28,86.25999999999999
2014-08-29,86.78999999999999
2014-09-02,86.49000000000001
2014-09-03,86.88499999999999
2014-09-04,87.58
2014-09-05,87.27
2014-09-08,87.71000000000001
2014-09-09,88.16999999999999
2014-09-10,87.595
2014-09-11,86.66
2014-09-12,86.55
2014-09-15,86.32499999999999
2014-09-16,86.61
2014-09-17,87.015
2014-09-18,87.58
2014-09-19,88.18
2014-09-22,87.96000000000001
2014-09-23,87.035
2014-09-24,87.53
2014-09-25,87.015
2014-09-26,86.44
2014-09-29,86.265
2014-09-30,86.6
2014-10-01,85.435
2014-10-02,84.5
2014-10-03,85.675
2014-10-06,85.945
2014-10-07,84.53
2014-10-08,85.41499999999999
2014-10-09,85.59
2014-10-10,85.935
2014-10-13,84.855
2014-10-14,83.56
2014-10-15,81.85
2014-10-16,85.4
2014-10-17,87.78
2014-10-20,88.42
2014-10-21,89.965
2014-10-22,90.57499999999999
2014-10-23,90.85
2014-10-24,91.14500000000001
2014-10-27,91.83
2014-10-28,91.57
2014-10-29,93.18
2014-10-30,93.325
2014-10-31,94.99000000000001
2014-11-03,95.08
2014-11-04,94.91999999999999
2014-11-05,95.515
2014-11-06,96.27000000000001
2014-11-07,94.36500000000001
2014-11-10,94.25
2014-11-11,95.235
2014-11-12,95.245
2014-11-13,96.07
2014-11-14,95.495
2014-11-17,95.765
2014-11-18,97.72999999999999
2014-11-19,97.6
2014-11-20,96.50999999999999
2014-11-21,97.315
2014-11-24,96.9
2014-11-25,97.525
2014-11-26,98.28
2014-11-28,98.92500000000001
2014-12-01,98.92
2014-12-02,99.1
2014-12-03,100.515
2014-12-04,100.17500000000001
2014-12-05,100.195
2014-12-08,100.27000000000001
2014-12-09,99.92
2014-12-10,100.015
2014-12-11,99.955
2014-12-12,99.55
2014-12-15,98.58
2014-12-16,97.265
2014-12-17,97.96000000000001
2014-12-18,101.08500000000001
2014-12-19,103.0
2014-12-22,102.85499999999999
2014-12-23,103.185
2014-12-24,102.93
2014-12-26,102.58
2014-12-29,102.42
2014-12-30,102.655
2014-12-31,102.355
2015-01-02,101.315
2015-01-05,99.595
2015-01-06,99.3
2015-01-07,99.61
2015-01-08,102.85
2015-01-09,103.765
2015-01-12,102.955
2015-01-13,103.72
2015-01-14,102.33000000000001
2015-01-15,103.86
2015-01-16,104.825
2015-01-20,105.44
2015-01-21,107.535
2015-01-22,111.725
2015-01-23,113.16
2015-01-26,111.38
2015-01-27,110.58500000000001
2015-01-28,109.66499999999999
2015-01-29,108.16
2015-01-30,107.765
2015-02-02,106.205
2015-02-03,107.25999999999999
2015-02-04,107.745
2015-02-05,109.065
2015-02-06,108.295
2015-02-09,106.75999999999999
2015-02-10,108.29499999999999
2015-02-11,109.22
2015-02-12,109.805
2015-02-13,109.26
2015-02-17,109.14
2015-02-18,109.58500000000001
2015-02-19,109.9
2015-02-20,111.13
2015-02-23,114.66999999999999
2015-02-24,115.94999999999999
2015-02-25,114.77
2015-02-26,113.995
2015-02-27,113.83
2015-03-02,114.3
2015-03-03,113.425
2015-03-04,112.805
2015-03-05,114.895
2015-03-06,113.88499999999999
2015-03-09,113.91499999999999
2015-03-10,113.435
2015-03-11,113.11500000000001
2015-03-12,114.1
2015-03-13,114.46000000000001
2015-03-16,117.255
2015-03-17,117.525
2015-03-18,118.625
2015-03-19,120.46
2015-03-20,120.265
2015-03-23,119.535
2015-03-24,118.86
2015-03-25,118.13
2015-03-26,115.905
2015-03-27,117.12
2015-03-30,122.14500000000001
2015-03-31,119.575
2015-04-01,118.03
2015-04-02,117.625
2015-04-06,117.235
2015-04-07,118.55
2015-04-08,118.15
2015-04-09,118.18
2015-04-10,118.535
2015-04-13,120.22
2015-04-14,119.35
2015-04-15,118.645
2015-04-16,121.41999999999999
2015-04-17,119.395
2015-04-20,119.19999999999999
2015-04-21,119.195
2015-04-22,118.555
2015-04-23,117.77
2015-04-24,118.555
2015-04-27,117.74
2015-04-28,116.00999999999999
2015-04-29,114.68
2015-04-30,112.725
2015-05-01,112.69999999999999
2015-05-04,114.185
2015-05-05,113.64500000000001
2015-05-06,113.57499999999999
2015-05-07,114.125
2015-05-08,115.82
2015-05-11,115.255
2015-05-12,114.455
2015-05-13,115.46000000000001
2015-05-14,117.41499999999999
2015-05-15,118.83
2015-05-18,119.41
2015-05-19,120.41
2015-05-20,120.94
2015-05-21,120.445
2015-05-22,119.96000000000001
2015-05-26,118.64500000000001
2015-05-27,119.055
2015-05-28,119.055
2015-05-29,119.68
2015-06-01,119.655
2015-06-02,118.545
2015-06-03,118.22
2015-06-04,117.0
2015-06-05,116.055
2015-06-08,116.995
2015-06-09,116.58500000000001
2015-06-10,117.805
2015-06-11,119.08
2015-06-12,118.25
2015-06-15,118.44
2015-06-16,120.59
2015-06-17,120.68
2015-06-18,120.65
2015-06-19,120.39
2015-06-22,121.08500000000001
2015-06-23,121.89
2015-06-24,121.05
2015-06-25,121.455
2015-06-26,123.42
2015-06-29,122.07
2015-06-30,121.97
2015-07-01,122.935
2015-07-02,122.44999999999999
2015-07-06,121.18
2015-07-07,120.305
2015-07-08,119.195
2015-07-09,119.935
2015-07-10,121.725
2015-07-13,122.78
2015-07-14,123.6
2015-07-15,124.93
2015-07-16,123.8
2015-07-17,124.34
2015-07-20,123.275
2015-07-21,121.53
2015-07-22,120.66
2015-07-23,120.22
2015-07-24,118.65
2015-07-27,117.375
2015-07-28,120.035
2015-07-29,121.36500000000001
2015-07-30,120.735
2015-07-31,121.595
2015-08-03,121.155
2015-08-04,120.93
2015-08-05,123.0
2015-08-06,123.22
2015-08-07,121.06
2015-08-10,122.64
2015-08-11,122.145
2015-08-12,120.41499999999999
2015-08-13,121.14
2015-08-14,120.72
2015-08-17,122.125
2015-08-18,125.01499999999999
2015-08-19,123.91999999999999
2015-08-20,121.105
2015-08-21,117.405
2015-08-24,103.715
2015-08-25,112.195
2015-08-26,112.055
2015-08-27,116.395
2015-08-28,116.92
2015-08-31,116.97
2015-09-01,113.145
2015-09-02,113.565
2015-09-03,114.69
2015-09-04,112.16499999999999
2015-09-08,114.94
2015-09-09,116.275
2015-09-10,116.33500000000001
2015-09-11,117.36500000000001
2015-09-14,118.325
2015-09-15,119.02000000000001
2015-09-16,120.455
2015-09-17,123.01
2015-09-18,122.79499999999999
2015-09-21,122.83
2015-09-22,122.61500000000001
2015-09-23,123.125
2015-09-24,120.94999999999999
2015-09-25,118.82
2015-09-28,113.41
2015-09-29,113.235
2015-09-30,115.9
2015-10-01,115.81
2015-10-02,116.835
2015-10-05,119.235
2015-10-06,117.13499999999999
2015-10-07,115.705
2015-10-08,115.92
2015-10-09,117.715
2015-10-12,120.815
2015-10-13,123.78999999999999
2015-10-14,122.92
2015-10-15,118.22999999999999
2015-10-16,119.715
2015-10-19,120.055
2015-10-20,120.63
2015-10-21,118.035
2015-10-22,114.55
2015-10-23,115.33000000000001
2015-10-26,116.0
2015-10-27,117.71000000000001
2015-10-28,118.025
2015-10-29,120.58500000000001
2015-10-30,119.075
2015-11-02,118.89500000000001
2015-11-03,117.35499999999999
2015-11-04,115.905
2015-11-05,115.19999999999999
2015-11-06,114.905
2015-11-09,113.825
2015-11-10,115.11500000000001
2015-11-11,115.60499999999999
2015-11-12,113.63499999999999
2015-11-13,112.1
2015-11-16,112.465
2015-11-17,114.305
2015-11-18,115.64
2015-11-19,111.66
2015-11-20,112.52
2015-11-23,113.29499999999999
2015-11-24,112.255
2015-11-25,114.025
2015-11-27,114.99000000000001
2015-11-30,113.72
2015-12-01,114.71000000000001
2015-12-02,117.745
2015-12-03,116.355
2015-12-04,116.745
2015-12-07,116.545
2015-12-08,115.15
2015-12-09,115.74
2015-12-10,115.695
2015-12-11,115.98
2015-12-14,115.58500000000001
2015-12-15,117.58
2015-12-16,118.33000000000001
2015-12-17,119.86500000000001
2015-12-18,117.34
2015-12-21,116.88499999999999
2015-12-22,117.275
2015-12-23,118.19
2015-12-24,118.73500000000001
2015-12-28,117.995
2015-12-29,119.555
2015-12-30,119.38499999999999
2015-12-31,118.36500000000001
2016-01-04,115.715
2016-01-05,117.05
2016-01-06,115.575
2016-01-07,112.755
2016-01-08,111.38
2016-01-11,109.405
2016-01-12,111.59
2016-01-13,110.98500000000001
2016-01-14,109.655
2016-01-15,109.22
2016-01-19,111.88
2016-01-20,112.945
2016-01-21,113.87
2016-01-22,114.52000000000001
2016-01-25,114.08
2016-01-26,112.97
2016-01-27,113.325
2016-01-28,111.785
2016-01-29,112.89
2016-02-01,115.13
2016-02-02,114.33
2016-02-03,112.33500000000001
2016-02-04,113.295
2016-02-05,112.55000000000001
2016-02-08,109.975
2016-02-09,110.71000000000001
2016-02-10,112.905
2016-02-11,110.89
2016-02-12,111.06
2016-02-16,113.9
2016-02-17,116.795
2016-02-18,118.53
2016-02-19,117.285
2016-02-22,120.55
2016-02-23,121.035
2016-02-24,119.07499999999999
2016-02-25,120.525
2016-02-26,121.575
2016-02-29,120.395
2016-03-01,120.795
2016-03-02,121.105
2016-03-03,120.975
2016-03-04,121.465
2016-03-07,121.82
2016-03-08,121.525
2016-03-09,121.285
2016-03-10,121.58500000000001
2016-03-11,123.785
2016-03-14,125.19
2016-03-15,124.775
2016-03-16,124.82499999999999
2016-03-17,123.59
2016-03-18,125.805
2016-03-21,126.34
2016-03-22,127.41999999999999
2016-03-23,129.185
2016-03-24,128.745
2016-03-28,128.755
2016-03-29,129.315
2016-03-30,130.245
2016-03-31,129.13
2016-04-01,129.4
2016-04-04,129.79
2016-04-05,128.18
2016-04-06,127.64999999999999
2016-04-07,127.33500000000001
2016-04-08,126.70500000000001
2016-04-11,126.38499999999999
2016-04-12,126.38
2016-04-13,127.965
2016-04-14,128.065
2016-04-15,127.14
2016-04-18,127.315
2016-04-19,130.21
2016-04-20,133.005
2016-04-21,133.215
2016-04-22,133.69
2016-04-25,133.32999999999998
2016-04-26,133.805
2016-04-27,133.24
2016-04-28,133.035
2016-04-29,130.405
2016-05-02,131.925
2016-05-03,132.18
2016-05-04,131.495
2016-05-05,132.565
2016-05-06,131.44
2016-05-09,132.57999999999998
2016-05-10,133.09
2016-05-11,132.29000000000002
2016-05-12,130.01999999999998
2016-05-13,129.29000000000002
2016-05-16,129.695
2016-05-17,130.10500000000002
2016-05-18,130.10000000000002
2016-05-19,129.94
2016-05-20,130.995
2016-05-23,130.605
2016-05-24,131.65
2016-05-25,133.54000000000002
2016-05-26,133.31
2016-05-27,133.745
2016-05-31,134.115
2016-06-01,133.935
2016-06-02,135.07999999999998
2016-06-03,136.135
2016-06-06,137.45
2016-06-07,137.69
2016-06-08,138.945
2016-06-09,140.20499999999998
2016-06-10,139.515
2016-06-13,139.10500000000002
2016-06-14,137.8
2016-06-15,137.61
2016-06-16,137.635
2016-06-17,137.7
2016-06-20,138.99
2016-06-21,138.64999999999998
2016-06-22,138.58499999999998
2016-06-23,138.995
2016-06-24,136.885
2016-06-27,136.435
2016-06-28,138.37
2016-06-29,140.14
2016-06-30,140.775
2016-07-01,141.20499999999998
2016-07-05,140.97
2016-07-06,141.965
2016-07-07,141.305
2016-07-08,140.66500000000002
2016-07-11,140.805
2016-07-12,140.16
2016-07-13,140.755
2016-07-14,141.66
2016-07-15,141.92000000000002
2016-07-18,140.76
2016-07-19,140.975
2016-07-20,143.64499999999998
2016-07-21,142.93
2016-07-22,143.485
2016-07-25,142.64999999999998
2016-07-26,141.60000000000002
2016-07-27,141.125
2016-07-28,142.11
2016-07-29,142.75
2016-08-01,143.6
2016-08-02,143.155
2016-08-03,143.025
2016-08-04,142.87
2016-08-05,142.97
2016-08-08,142.465
2016-08-09,142.405
2016-08-10,141.635
2016-08-11,142.25
2016-08-12,142.32
2016-08-15,142.3
2016-08-16,140.97500000000002
2016-08-17,141.285
2016-08-18,142.055
2016-08-19,141.735
2016-08-22,142.35500000000002
2016-08-23,142.31
2016-08-24,140.8
2016-08-25,138.39
2016-08-26,137.145
2016-08-29,137.26
2016-08-30,136.965
2016-08-31,136.185
2016-09-01,136.165
2016-09-02,136.26999999999998
2016-09-06,136.24
2016-09-07,135.07999999999998
2016-09-08,135.015
2016-09-09,134.385
2016-09-12,134.055
2016-09-13,134.26
2016-09-14,133.83499999999998
2016-09-15,134.485
2016-09-16,137.04000000000002
2016-09-19,138.45499999999998
2016-09-20,137.79500000000002
2016-09-21,138.97500000000002
2016-09-22,140.87
2016-09-23,141.07
2016-09-26,139.535
2016-09-27,139.765
2016-09-28,140.685
2016-09-29,139.06
2016-09-30,139.45
2016-10-03,138.87
2016-10-04,138.26
2016-10-05,137.765
2016-10-06,136.575
2016-10-07,136.765
2016-10-10,137.66
2016-10-11,136.03
2016-10-12,134.68
2016-10-13,134.13
2016-10-14,134.7
2016-10-17,133.73000000000002
2016-10-18,140.91
2016-10-19,144.59
2016-10-20,144.93
2016-10-21,144.6
2016-10-24,145.12
2016-10-25,144.49
2016-10-26,142.82999999999998
2016-10-27,142.41500000000002
2016-10-28,140.89499999999998
2016-10-31,140.755
2016-11-01,140.165
2016-11-02,140.07999999999998
2016-11-03,138.995
2016-11-04,138.29
2016-11-07,140.995
2016-11-08,142.305
2016-11-09,140.20499999999998
2016-11-10,144.285
2016-11-11,146.755
2016-11-14,149.98
2016-11-15,152.735
2016-11-16,152.115
2016-11-17,151.055
2016-11-18,150.53
2016-11-21,149.61
2016-11-22,151.745
2016-11-23,152.35000000000002
2016-11-25,153.555
2016-11-28,151.425
2016-11-29,156.65
2016-11-30,158.415
2016-12-01,160.42000000000002
2016-12-02,161.54000000000002
2016-12-05,158.45
2016-12-06,157.245
2016-12-07,158.165
2016-12-08,159.12
2016-12-09,158.935
2016-12-12,158.70499999999998
2016-12-13,160.885
2016-12-14,160.26
2016-12-15,160.36
2016-12-16,162.595
2016-12-19,162.57999999999998
2016-12-20,162.26
2016-12-21,160.95499999999998
2016-12-22,161.075
2016-12-23,161.79500000000002
2016-12-27,163.20499999999998
2016-12-28,162.285
2016-12-29,161.375
2016-12-30,160.665
2017-01-03,160.71
2017-01-04,161.16000000000003
2017-01-05,162.07
2017-01-06,162.025
2017-01-09,161.60500000000002
2017-01-10,161.74
2017-01-11,161.775
2017-01-12,161.915
2017-01-13,162.075
2017-01-17,160.24
2017-01-18,158.64499999999998
2017-01-19,158.895
2017-01-20,158.805
2017-01-23,158.04000000000002
2017-01-24,160.20499999999998
2017-01-25,161.165
2017-01-26,162.41500000000002
2017-01-27,163.21
2017-01-30,162.385
2017-01-31,161.1
2017-02-01,162.965
2017-02-02,161.755
2017-02-03,161.10500000000002
2017-02-06,161.375
2017-02-07,160.61
2017-02-08,160.01999999999998
2017-02-09,160.43
2017-02-10,160.845
2017-02-13,161.35500000000002
2017-02-14,162.375
2017-02-15,163.735
2017-02-16,163.65
2017-02-17,158.325
2017-02-21,159.17000000000002
2017-02-22,160.70999999999998
2017-02-23,161.64499999999998
2017-02-24,162.41500000000002
2017-02-27,164.135
2017-02-28,165.82999999999998
2017-03-01,167.475
2017-03-02,167.695
2017-03-03,167.535
2017-03-06,168.24
2017-03-07,168.645
2017-03-08,167.63
2017-03-09,168.405
2017-03-10,169.03
2017-03-13,170.24
2017-03-14,169.34
2017-03-15,170.63
2017-03-16,171.18
2017-03-17,170.565
2017-03-20,169.07999999999998
2017-03-21,167.94
2017-03-22,167.005
2017-03-23,165.85000000000002
2017-03-24,165.875
2017-03-27,164.21
2017-03-28,164.95499999999998
2017-03-29,163.85500000000002
2017-03-30,164.695
2017-03-31,164.425
2017-04-03,165.195
2017-04-04,165.62
2017-04-05,166.24
2017-04-06,165.43
2017-04-07,165.56
2017-04-10,166.14
2017-04-11,165.22
2017-04-12,165.51
2017-04-13,165.16
2017-04-17,166.19
2017-04-18,168.96499999999997
2017-04-19,169.94
2017-04-20,170.28
2017-04-21,171.54500000000002
2017-04-24,172.43
2017-04-25,173.965
2017-04-26,174.815
2017-04-27,175.04500000000002
2017-04-28,174.45499999999998
2017-05-01,175.115
2017-05-02,172.82
2017-05-03,173.08
2017-05-04,173.29500000000002
2017-05-05,174.095
2017-05-08,174.065
2017-05-09,173.75
2017-05-10,173.05
2017-05-11,172.765
2017-05-12,172.45499999999998
2017-05-15,171.115
2017-05-16,169.125
2017-05-17,168.51999999999998
2017-05-18,170.925
2017-05-19,171.6
2017-05-22,173.75
2017-05-23,174.615
2017-05-24,175.31
2017-05-25,177.33499999999998
2017-05-26,177.945
2017-05-30,177.16000000000003
2017-05-31,175.91
2017-06-01,177.385
2017-06-02,179.13
2017-06-05,179.74
2017-06-06,179.76999999999998
2017-06-07,181.56
2017-06-08,182.37
2017-06-09,181.63
2017-06-12,179.12
2017-06-13,180.265
2017-06-14,181.89
2017-06-15,181.79500000000002
2017-06-16,181.42000000000002
2017-06-19,181.89
2017-06-20,182.82
2017-06-21,183.91000000000003
2017-06-22,186.72
2017-06-23,185.20499999999998
2017-06-26,184.64
2017-06-27,185.51
2017-06-28,185.7
2017-06-29,185.21
2017-06-30,185.56
2017-07-03,186.635
2017-07-05,187.04000000000002
2017-07-06,187.16500000000002
2017-07-07,187.72
2017-07-10,187.075
2017-07-11,186.375
2017-07-12,186.85500000000002
2017-07-13,186.3
2017-07-14,185.95
2017-07-17,186.5
2017-07-18,185.53
2017-07-19,188.45999999999998
2017-07-20,190.42
2017-07-21,191.8
2017-07-24,191.40499999999997
2017-07-25,191.39
2017-07-26,190.45499999999998
2017-07-27,189.47500000000002
2017-07-28,189.42000000000002
2017-07-31,
2017-08-01,192.51
2017-08-02,192.795
2017-08-03,193.985
2017-08-04,195.32
2017-08-07,194.655
2017-08-08,194.53500000000003
2017-08-09,194.76
2017-08-10,193.39499999999998
2017-08-11,193.6
2017-08-14,193.825
2017-08-15,194.41
2017-08-16,194.05
2017-08-17,193.45
2017-08-18,191.915
2017-08-21,191.595
2017-08-22,193.26
2017-08-23,194.155
2017-08-24,194.64
2017-08-25,194.83999999999997
2017-08-28,195.085
2017-08-29,195.685
2017-08-30,196.04
2017-08-31,197.94
2017-09-01,199.175
2017-09-05,199.575
2017-09-06,198.81
2017-09-07,198.27499999999998
2017-09-08,197.93
2017-09-11,199.6
2017-09-12,198.19
2017-09-13,199.26999999999998
2017-09-14,197.735
2017-09-15,198.45499999999998
2017-09-18,198.165
2017-09-19,195.495
2017-09-20,194.95
2017-09-21,195.515
2017-09-22,192.06
2017-09-25,193.615
2017-09-26,193.2
2017-09-27,193.68
2017-09-28,195.02499999999998
2017-09-29,195.285
2017-10-02,197.12
2017-10-03,198.35
2017-10-04,199.57999999999998
2017-10-05,198.245
2017-10-06,198.75
2017-10-09,197.05
2017-10-10,195.05
2017-10-11,194.675
2017-10-12,194.04500000000002
2017-10-13,189.35500000000002
2017-10-16,192.34
2017-10-17,201.495
2017-10-18,205.74
2017-10-19,204.22
2017-10-20,205.95
2017-10-23,207.125
2017-10-24,207.055
2017-10-25,208.105
2017-10-26,209.64
2017-10-27,210.655
2017-10-30,211.075
2017-10-31,209.16000000000003
2017-11-01,210.77499999999998
2017-11-02,210.245
2017-11-03,211.965
2017-11-06,212.865
2017-11-07,212.21499999999997
2017-11-08,211.81
2017-11-09,210.445
2017-11-10,211.005
2017-11-13,211.74
2017-11-14,211.81
2017-11-15,210.8
2017-11-16,210.95499999999998
2017-11-17,210.305
2017-11-20,210.13
2017-11-21,211.8
2017-11-22,211.78
2017-11-24,211.965
2017-11-27,213.03
2017-11-28,214.41
2017-11-29,220.815
2017-11-30,225.51999999999998
2017-12-01,225.15
2017-12-04,226.585
2017-12-05,221.44
2017-12-06,220.495
2017-12-07,219.4
2017-12-08,222.275
2017-12-11,223.43
2017-12-12,222.33999999999997
2017-12-13,223.08999999999997
2017-12-14,223.99
2017-12-15,222.19
2017-12-18,223.5
2017-12-19,222.32
2017-12-20,223.31
2017-12-21,222.655
2017-12-22,220.39999999999998
2017-12-26,219.755
2017-12-27,220.345
2017-12-28,221.47
2017-12-29,222.20499999999998
